,carat,cut,color,clarity,depth,table,price,x,y,z
0,0.23,Ideal,E,SI2,61.5,55.0,326,3.95,3.98,2.43
1,0.21,Premium,E,SI1,59.8,61.0,326,3.89,3.84,2.31
2,0.23,Good,E,VS1,56.9,65.0,327,4.05,4.07,2.31
3,0.29,Premium,I,VS2,62.4,58.0,334,4.2,4.23,2.63
4,0.31,Good,J,SI2,63.3,58.0,335,4.34,4.35,2.75
5,0.24,Very Good,J,VVS2,62.8,57.0,336,3.94,3.96,2.48
6,0.24,Very Good,I,VVS1,62.3,57.0,336,3.95,3.98,2.47
7,0.26,Very Good,H,SI1,61.9,55.0,337,4.07,4.11,2.53
8,0.22,Fair,E,VS2,65.1,61.0,337,3.87,3.78,2.49
9,0.23,Very Good,H,VS1,59.4,61.0,338,4.0,4.05,2.39
10,0.3,Good,J,SI1,64.0,55.0,339,4.25,4.28,2.73
11,0.23,Ideal,J,VS1,62.8,56.0,340,3.93,3.9,2.46
12,0.22,Premium,F,SI1,60.4,61.0,342,3.88,3.84,2.33
13,0.31,Ideal,J,SI2,62.2,54.0,344,4.35,4.37,2.71
14,0.2,Premium,E,SI2,60.2,62.0,345,3.79,3.75,2.27
15,0.32,Premium,E,I1,60.9,58.0,345,4.38,4.42,2.68
16,0.3,Ideal,I,SI2,62.0,54.0,348,4.31,4.34,2.68
17,0.3,Good,J,SI1,63.4,54.0,351,4.23,4.29,2.7
18,0.3,Good,J,SI1,63.8,56.0,351,4.23,4.26,2.71
19,0.3,Very Good,J,SI1,62.7,59.0,351,4.21,4.27,2.66
20,0.3,Good,I,SI2,63.3,56.0,351,4.26,4.3,2.71
21,0.23,Very Good,E,VS2,63.8,55.0,352,3.85,3.92,2.48
22,0.23,Very Good,H,VS1,61.0,57.0,353,3.94,3.96,2.41
23,0.31,Very Good,J,SI1,59.4,62.0,353,4.39,4.43,2.62
24,0.31,Very Good,J,SI1,58.1,62.0,353,4.44,4.47,2.59
25,0.23,Very Good,G,VVS2,60.4,58.0,354,3.97,4.01,2.41
26,0.24,Premium,I,VS1,62.5,57.0,355,3.97,3.94,2.47
27,0.3,Very Good,J,VS2,62.2,57.0,357,4.28,4.3,2.67
28,0.23,Very Good,D,VS2,60.5,61.0,357,3.96,3.97,2.4
29,0.23,Very Good,F,VS1,60.9,57.0,357,3.96,3.99,2.42
30,0.23,Very Good,F,VS1,60.0,57.0,402,4.0,4.03,2.41
31,0.23,Very Good,F,VS1,59.8,57.0,402,4.04,4.06,2.42
32,0.23,Very Good,E,VS1,60.7,59.0,402,3.97,4.01,2.42
33,0.23,Very Good,E,VS1,59.5,58.0,402,4.01,4.06,2.4
34,0.23,Very Good,D,VS1,61.9,58.0,402,3.92,3.96,2.44
35,0.23,Good,F,VS1,58.2,59.0,402,4.06,4.08,2.37
36,0.23,Good,E,VS1,64.1,59.0,402,3.83,3.85,2.46
37,0.31,Good,H,SI1,64.0,54.0,402,4.29,4.31,2.75
38,0.26,Very Good,D,VS2,60.8,59.0,403,4.13,4.16,2.52
39,0.33,Ideal,I,SI2,61.8,55.0,403,4.49,4.51,2.78
40,0.33,Ideal,I,SI2,61.2,56.0,403,4.49,4.5,2.75
41,0.33,Ideal,J,SI1,61.1,56.0,403,4.49,4.55,2.76
42,0.26,Good,D,VS2,65.2,56.0,403,3.99,4.02,2.61
43,0.26,Good,D,VS1,58.4,63.0,403,4.19,4.24,2.46
44,0.32,Good,H,SI2,63.1,56.0,403,4.34,4.37,2.75
45,0.29,Premium,F,SI1,62.4,58.0,403,4.24,4.26,2.65
46,0.32,Very Good,H,SI2,61.8,55.0,403,4.35,4.42,2.71
47,0.32,Good,H,SI2,63.8,56.0,403,4.36,4.38,2.79
48,0.25,Very Good,E,VS2,63.3,60.0,404,4.0,4.03,2.54
49,0.29,Very Good,H,SI2,60.7,60.0,404,4.33,4.37,2.64
50,0.24,Very Good,F,SI1,60.9,61.0,404,4.02,4.03,2.45
51,0.23,Ideal,G,VS1,61.9,54.0,404,3.93,3.95,2.44
52,0.32,Ideal,I,SI1,60.9,55.0,404,4.45,4.48,2.72
53,0.22,Premium,E,VS2,61.6,58.0,404,3.93,3.89,2.41
54,0.22,Premium,D,VS2,59.3,62.0,404,3.91,3.88,2.31
55,0.3,Ideal,I,SI2,61.0,59.0,405,4.3,4.33,2.63
56,0.3,Premium,J,SI2,59.3,61.0,405,4.43,4.38,2.61
57,0.3,Very Good,I,SI1,62.6,57.0,405,4.25,4.28,2.67
58,0.3,Very Good,I,SI1,63.0,57.0,405,4.28,4.32,2.71
59,0.3,Good,I,SI1,63.2,55.0,405,4.25,4.29,2.7
60,0.3,Very Good,I,SI1,61.2,58.0,405,4.28,4.31,2.63
61,0.3,Ideal,G,SI2,60.6,56.0,405,4.35,4.4,2.65
62,0.31,Very Good,I,VS2,59.3,59.0,406,4.38,4.42,2.61
63,0.3,Very Good,I,VS2,62.7,56.0,407,4.27,4.28,2.68
64,0.3,Very Good,I,VS2,60.7,56.0,407,4.32,4.34,2.63
65,0.25,Very Good,G,VS2,61.9,57.0,407,4.05,4.08,2.51
66,0.25,Very Good,G,VS2,63.0,54.0,407,4.04,4.06,2.55
67,0.27,Very Good,E,VS1,63.8,60.0,407,4.03,4.09,2.59
68,0.27,Very Good,E,SI1,61.2,57.0,407,4.2,4.23,2.58
69,0.3,Ideal,I,VS2,62.3,56.0,407,4.28,4.29,2.67
70,0.3,Ideal,I,VS2,62.4,55.0,407,4.32,4.34,2.7
71,0.32,Ideal,G,SI2,61.3,56.0,407,4.44,4.47,2.73
72,0.3,Ideal,H,SI1,62.0,58.0,407,4.25,4.33,2.66
73,0.3,Ideal,H,SI1,62.9,53.0,407,4.28,4.31,2.7
74,0.25,Ideal,G,SI1,62.3,57.0,407,4.03,4.09,2.53
75,0.24,Ideal,F,VS2,61.8,57.0,408,3.97,3.99,2.46
76,0.3,Ideal,H,SI2,60.0,56.0,408,4.41,4.43,2.65
77,0.31,Very Good,G,SI2,62.3,57.0,408,4.33,4.37,2.71
78,0.31,Good,G,SI2,63.2,55.0,408,4.31,4.33,2.73
79,0.31,Premium,I,SI1,61.3,58.0,408,4.34,4.37,2.67
80,0.31,Ideal,I,SI1,62.7,56.0,408,4.3,4.34,2.71
81,0.31,Premium,J,VS1,60.7,60.0,408,4.34,4.39,2.65
82,0.31,Very Good,I,SI1,61.4,61.0,408,4.34,4.39,2.68
83,0.31,Very Good,G,SI2,63.0,57.0,408,4.32,4.35,2.73
84,0.31,Good,I,SI1,63.5,56.0,408,4.28,4.32,2.73
85,0.31,Very Good,G,SI2,61.8,59.0,408,4.3,4.34,2.67
86,0.31,Premium,J,VS1,61.8,59.0,408,4.31,4.33,2.67
87,0.31,Premium,I,SI1,61.5,59.0,408,4.35,4.37,2.68
88,0.31,Very Good,F,SI2,63.0,58.0,408,4.34,4.36,2.74
89,0.31,Very Good,I,SI1,63.0,57.0,408,4.32,4.34,2.73
90,0.31,Premium,G,SI2,60.3,59.0,408,4.35,4.37,2.63
91,0.31,Very Good,I,SI1,60.7,60.0,408,4.33,4.37,2.64
92,0.31,Premium,I,SI1,62.3,59.0,408,4.29,4.32,2.68
93,0.31,Premium,G,SI2,61.3,58.0,408,4.37,4.4,2.69
94,0.31,Ideal,G,SI2,61.7,56.0,408,4.34,4.38,2.69
95,0.31,Good,I,SI1,63.3,53.0,408,4.3,4.32,2.73
96,0.31,Ideal,G,SI2,60.5,57.0,408,4.36,4.4,2.65
97,0.31,Good,I,SI1,63.8,55.0,408,4.31,4.34,2.76
98,0.31,Good,G,SI2,63.3,54.0,408,4.29,4.34,2.73
99,0.32,Ideal,J,VS2,61.5,53.0,409,4.44,4.47,2.74
100,0.35,Good,J,SI1,63.3,56.0,409,4.5,4.53,2.86
101,0.25,Very Good,E,VS2,59.7,61.0,409,4.08,4.1,2.44
102,0.3,Premium,H,SI2,60.2,62.0,410,4.37,4.34,2.62
103,0.25,Very Good,D,VS1,62.1,60.0,410,4.03,4.05,2.51
104,0.36,Premium,J,SI1,61.6,60.0,410,4.54,4.58,2.81
105,0.3,Ideal,J,VS1,62.0,57.0,411,4.28,4.3,2.66
106,0.3,Ideal,J,VS1,62.2,57.0,411,4.27,4.28,2.66
107,0.23,Premium,D,VS2,58.5,61.0,411,4.06,3.98,2.35
108,0.24,Very Good,E,VS1,62.5,55.0,412,3.96,3.98,2.48
109,0.27,Ideal,I,VVS2,62.0,54.5,412,4.15,4.19,2.58
110,0.31,Good,J,VS1,61.9,61.0,412,4.29,4.34,2.67
111,0.27,Very Good,E,VS1,60.6,59.0,413,4.19,4.22,2.55
112,0.27,Very Good,D,VS1,62.2,58.0,413,4.14,4.15,2.58
113,0.3,Very Good,G,SI1,60.1,58.0,413,4.31,4.34,2.6
114,0.3,Very Good,D,SI2,62.3,58.0,413,4.26,4.28,2.66
115,0.3,Ideal,J,VVS2,62.0,54.0,413,4.3,4.34,2.68
116,0.32,Ideal,J,VS2,62.3,55.3,413,4.36,4.37,2.72
117,0.34,Ideal,J,VS1,61.9,55.0,413,4.5,4.54,2.8
118,0.33,Ideal,F,SI2,61.4,57.0,413,4.44,4.48,2.74
119,0.3,Ideal,D,SI2,61.1,58.0,413,4.31,4.33,2.64
120,0.34,Ideal,D,I1,62.5,57.0,413,4.47,4.49,2.8
121,0.34,Ideal,D,I1,61.4,55.0,413,4.5,4.52,2.77
122,0.31,Ideal,I,SI1,60.9,57.0,414,4.36,4.41,2.67
123,0.23,Ideal,I,VVS1,63.0,56.0,414,3.94,3.9,2.47
124,0.23,Premium,I,VVS1,60.5,61.0,414,3.98,3.95,2.4
125,0.3,Good,D,SI2,60.8,65.0,414,4.26,4.29,2.6
126,0.23,Very Good,G,VVS1,61.3,59.0,414,3.94,3.96,2.42
127,0.23,Very Good,G,VVS1,60.2,59.0,415,4.0,4.01,2.41
128,0.29,Good,F,VS1,62.1,56.0,415,4.24,4.26,2.64
129,0.33,Ideal,F,SI2,61.4,55.0,416,4.46,4.5,2.75
130,0.3,Fair,J,VS2,64.8,58.0,416,4.24,4.16,2.72
131,0.33,Good,H,SI2,63.5,57.0,416,4.36,4.39,2.78
132,0.26,Ideal,I,VS1,62.5,53.0,417,4.08,4.11,2.56
133,0.31,Ideal,H,SI1,61.2,58.0,417,4.37,4.39,2.68
134,0.24,Very Good,F,VS1,62.0,56.0,417,3.94,3.99,2.46
135,0.24,Premium,E,VS2,62.6,58.0,417,3.99,4.03,2.51
136,0.24,Ideal,F,VS2,61.8,57.0,417,3.97,4.02,2.47
137,0.34,Very Good,H,SI2,58.6,62.0,417,4.6,4.62,2.7
138,0.3,Good,G,SI1,63.2,55.0,417,4.26,4.29,2.7
139,0.34,Premium,J,VS2,62.3,60.0,417,4.46,4.49,2.79
140,0.34,Good,F,SI2,63.9,56.0,417,4.4,4.43,2.82
141,0.26,Very Good,G,VS1,61.9,56.0,418,4.07,4.1,2.53
142,0.26,Very Good,G,VS1,62.1,56.0,418,4.07,4.11,2.54
143,0.31,Ideal,J,SI1,61.3,56.0,418,4.37,4.4,2.69
144,0.31,Premium,I,SI1,59.6,58.0,418,4.39,4.44,2.63
145,0.31,Ideal,I,SI1,62.5,56.0,418,4.29,4.35,2.7
146,0.31,Very Good,I,SI1,62.8,60.0,418,4.29,4.31,2.7
147,0.31,Premium,I,SI1,60.1,59.0,418,4.38,4.41,2.64
148,0.31,Ideal,I,SI1,62.2,56.0,418,4.34,4.37,2.71
149,0.31,Very Good,I,SI1,62.3,58.0,418,4.35,4.38,2.72
150,0.24,Very Good,D,VS2,60.2,59.0,419,4.03,4.04,2.43
151,0.27,Very Good,D,VS2,63.0,57.0,419,4.06,4.1,2.57
152,0.24,Very Good,E,VS2,60.1,58.0,419,4.01,4.04,2.42
153,0.24,Very Good,E,VS2,63.5,53.0,419,3.96,3.98,2.52
154,0.24,Very Good,E,VS2,62.1,58.0,419,4.0,4.02,2.49
155,0.24,Very Good,E,VS2,63.1,56.0,419,3.95,3.98,2.5
156,0.24,Very Good,E,VS2,63.0,58.0,419,3.94,3.97,2.49
157,0.24,Very Good,E,VS2,61.5,58.0,419,4.02,4.05,2.48
158,0.24,Very Good,E,VS2,62.1,59.0,419,3.98,4.01,2.48
159,0.24,Very Good,F,VS2,61.4,58.0,419,3.99,4.05,2.47
160,0.24,Very Good,F,VS2,62.4,58.0,419,3.98,4.0,2.49
161,0.24,Very Good,F,VS2,62.9,58.0,419,3.94,4.01,2.5
162,0.24,Very Good,F,VS2,59.6,58.0,419,4.08,4.11,2.44
163,0.24,Very Good,F,VS2,61.9,59.0,419,3.98,4.0,2.47
164,0.24,Very Good,F,VS1,59.9,58.0,419,4.02,4.06,2.42
165,0.24,Very Good,F,VS1,63.0,58.0,419,3.92,3.95,2.48
166,0.24,Very Good,F,VS1,62.5,58.0,419,3.95,3.96,2.47
167,0.24,Very Good,F,VS1,63.0,59.0,419,3.93,3.97,2.49
168,0.24,Very Good,E,VS1,62.4,59.0,419,3.94,3.98,2.47
169,0.24,Very Good,E,VS1,59.8,58.0,419,4.02,4.11,2.43
170,0.24,Very Good,D,VS1,61.4,58.0,419,3.99,4.02,2.46
171,0.24,Very Good,D,VS1,62.2,58.0,419,3.95,3.99,2.47
172,0.24,Very Good,D,VS1,62.9,56.0,419,3.96,3.99,2.5
173,0.24,Ideal,F,VS2,62.2,57.0,419,3.96,4.01,2.48
174,0.24,Ideal,F,VS2,61.2,57.0,419,4.04,4.06,2.48
175,0.24,Ideal,F,VS1,61.3,56.0,419,4.0,4.03,2.46
176,0.26,Very Good,D,VS2,59.6,63.0,420,4.13,4.16,2.47
177,0.26,Very Good,D,VS1,63.3,57.0,420,4.03,4.06,2.56
178,0.32,Ideal,H,SI2,61.5,56.0,420,4.43,4.45,2.73
179,0.32,Ideal,H,SI2,61.9,54.0,420,4.42,4.46,2.75
180,0.32,Ideal,H,SI2,61.4,56.0,420,4.4,4.43,2.71
181,0.29,Ideal,G,SI1,62.1,54.0,420,4.25,4.29,2.65
182,0.25,Ideal,I,VVS1,61.9,55.0,421,4.07,4.1,2.53
183,0.31,Ideal,I,VS2,61.2,55.0,421,4.36,4.4,2.68
184,0.31,Ideal,H,SI2,61.1,56.0,421,4.4,4.42,2.69
185,0.31,Ideal,H,SI2,61.3,55.0,421,4.35,4.38,2.67
186,0.31,Ideal,H,SI2,61.0,56.0,421,4.36,4.39,2.67
187,0.31,Ideal,E,SI2,59.5,61.0,421,4.42,4.45,2.64
188,0.31,Ideal,H,SI1,61.3,55.0,421,4.35,4.39,2.68
189,0.31,Ideal,H,SI1,61.3,55.0,421,4.36,4.41,2.69
190,0.31,Ideal,H,SI1,61.3,57.0,421,4.36,4.38,2.68
191,0.36,Premium,J,SI1,61.3,60.0,421,4.52,4.59,2.79
192,0.3,Very Good,H,SI1,62.2,60.0,421,4.24,4.28,2.65
193,0.32,Good,I,SI1,63.5,57.0,421,4.3,4.33,2.74
194,0.3,Very Good,H,SI1,62.6,58.0,421,4.22,4.28,2.66
195,0.32,Ideal,G,SI2,62.5,55.0,421,4.37,4.4,2.74
196,0.32,Good,F,SI2,63.1,56.0,421,4.34,4.38,2.75
197,0.32,Premium,J,VS1,61.9,58.0,421,4.33,4.39,2.7
198,0.3,Very Good,H,SI1,62.9,57.0,421,4.28,4.31,2.7
199,0.3,Good,H,SI1,63.7,56.0,421,4.2,4.22,2.68
200,0.32,Premium,J,VS1,61.7,58.0,421,4.38,4.4,2.71
201,0.3,Ideal,H,SI1,62.6,55.0,421,4.28,4.32,2.69
202,0.3,Very Good,H,SI1,61.6,62.0,421,4.24,4.3,2.63
203,0.32,Ideal,J,VS1,61.3,57.0,421,4.41,4.43,2.71
204,0.3,Very Good,H,SI1,59.4,63.0,421,4.35,4.4,2.6
205,0.3,Premium,H,SI1,61.2,60.0,421,4.29,4.31,2.63
206,0.32,Very Good,F,SI2,62.6,56.0,421,4.37,4.41,2.75
207,0.3,Good,H,SI1,63.4,58.0,421,4.26,4.29,2.71
208,0.32,Good,F,SI2,63.5,56.0,421,4.35,4.37,2.77
209,0.3,Very Good,E,SI2,61.7,61.0,421,4.29,4.33,2.66
210,0.3,Very Good,H,SI1,61.3,61.0,421,4.25,4.27,2.61
211,0.32,Good,G,SI2,63.4,55.0,421,4.32,4.35,2.75
212,0.32,Premium,G,SI2,61.6,59.0,421,4.35,4.38,2.69
213,0.32,Very Good,I,SI1,59.9,61.0,421,4.44,4.47,2.67
214,0.32,Premium,I,SI1,61.1,59.0,421,4.38,4.42,2.69
215,0.3,Very Good,H,SI1,62.9,58.0,421,4.22,4.24,2.66
216,0.3,Very Good,H,SI1,60.8,61.0,421,4.25,4.3,2.6
217,0.3,Good,H,SI1,63.4,57.0,421,4.27,4.31,2.72
218,0.32,Premium,G,SI2,61.0,59.0,421,4.36,4.42,2.68
219,0.3,Good,H,SI1,63.9,55.0,421,4.24,4.27,2.72
220,0.3,Good,E,SI2,63.5,55.0,421,4.27,4.3,2.72
221,0.32,Very Good,I,SI1,61.6,61.0,421,4.36,4.4,2.7
222,0.32,Ideal,G,SI2,62.5,57.0,421,4.35,4.38,2.73
223,0.32,Very Good,G,SI2,62.3,58.0,421,4.37,4.42,2.74
224,0.32,Very Good,G,SI2,62.4,59.0,421,4.35,4.4,2.73
225,0.32,Good,F,SI2,63.8,55.0,421,4.34,4.35,2.77
226,0.32,Premium,F,SI2,59.7,59.0,421,4.43,4.48,2.66
227,0.3,Very Good,E,SI2,61.9,58.0,421,4.28,4.31,2.66
228,0.3,Very Good,H,SI1,61.2,62.0,421,4.28,4.31,2.63
229,0.32,Very Good,J,VS1,60.6,59.0,421,4.42,4.46,2.69
230,0.3,Very Good,H,SI1,62.9,56.0,421,4.28,4.31,2.7
231,0.32,Very Good,G,SI2,63.0,56.0,421,4.32,4.35,2.73
232,0.3,Very Good,H,SI1,59.5,62.0,421,4.32,4.35,2.58
233,0.32,Premium,G,SI2,62.7,58.0,421,4.35,4.39,2.74
234,0.3,Very Good,E,SI2,61.6,61.0,421,4.25,4.29,2.63
235,0.3,Very Good,H,SI1,62.9,57.0,421,4.26,4.29,2.69
236,0.3,Ideal,I,VS2,62.6,56.0,421,4.29,4.31,2.69
237,0.3,Very Good,E,SI2,61.7,61.0,421,4.28,4.31,2.65
238,0.3,Good,H,SI1,63.4,58.0,421,4.21,4.24,2.68
239,0.3,Premium,H,SI1,59.3,59.0,421,4.36,4.38,2.59
240,0.3,Very Good,H,SI1,61.3,58.0,421,4.29,4.33,2.64
241,0.3,Very Good,H,SI1,63.0,54.0,421,4.27,4.3,2.7
242,0.3,Very Good,H,SI2,63.4,55.0,422,4.26,4.22,2.69
243,0.3,Ideal,G,SI2,61.8,57.0,422,4.31,4.33,2.67
244,0.3,Ideal,G,SI2,62.1,58.0,422,4.27,4.3,2.66
245,0.3,Ideal,G,SI2,61.4,56.0,422,4.33,4.34,2.66
246,0.3,Ideal,G,SI2,61.9,57.0,422,4.28,4.31,2.66
247,0.3,Ideal,G,SI2,62.0,55.0,422,4.28,4.33,2.67
248,0.3,Ideal,G,SI2,61.6,56.0,422,4.32,4.35,2.67
249,0.3,Ideal,I,SI1,61.7,57.0,422,4.3,4.32,2.66
250,0.3,Ideal,I,SI1,61.9,58.0,422,4.27,4.32,2.66
251,0.3,Ideal,I,SI1,61.9,57.0,422,4.28,4.31,2.66
252,0.3,Ideal,I,SI1,61.9,57.0,422,4.29,4.31,2.66
253,0.3,Ideal,I,SI1,62.5,58.0,422,4.25,4.29,2.67
254,0.3,Ideal,I,SI1,61.2,58.0,422,4.28,4.31,2.63
255,0.3,Ideal,I,SI1,61.5,57.0,422,4.3,4.35,2.66
256,0.3,Ideal,I,SI1,61.9,57.0,422,4.3,4.32,2.67
257,0.3,Ideal,G,SI1,62.1,53.0,422,4.32,4.37,2.7
258,0.3,Ideal,G,SI1,62.2,55.0,422,4.27,4.32,2.67
259,0.3,Ideal,G,SI1,60.9,57.0,422,4.34,4.39,2.66
260,0.26,Very Good,G,VS2,61.7,57.0,423,4.11,4.15,2.55
261,0.26,Very Good,G,VS1,62.4,56.0,423,4.08,4.1,2.55
262,0.23,Ideal,H,VS1,61.2,55.0,423,3.94,3.97,2.42
263,0.23,Ideal,E,VS2,62.6,57.0,423,3.88,3.92,2.44
264,0.31,Ideal,J,VS1,61.2,55.0,424,4.37,4.39,2.68
265,0.31,Ideal,J,VS1,62.1,55.0,424,4.35,4.38,2.71
266,0.31,Ideal,I,VS1,61.7,55.0,424,4.36,4.39,2.7
267,0.3,Ideal,H,SI1,61.3,59.0,425,4.29,4.33,2.64
268,0.23,Good,F,VVS2,62.3,61.0,425,3.93,3.94,2.45
269,0.23,Good,F,VVS2,64.5,55.0,425,3.83,3.86,2.48
270,0.23,Good,D,VVS1,60.3,66.0,425,3.91,3.95,2.37
271,0.26,Very Good,D,VS1,60.0,56.0,425,4.15,4.18,2.5
272,0.26,Very Good,G,VVS2,62.2,56.0,426,4.08,4.1,2.54
273,0.25,Ideal,H,VS1,61.9,54.0,426,4.07,4.1,2.53
274,0.34,Ideal,F,SI2,61.9,54.0,426,4.51,4.53,2.8
275,0.3,Ideal,D,SI2,62.0,56.0,426,4.31,4.34,2.68
276,0.27,Ideal,G,SI1,62.2,54.0,426,4.13,4.17,2.58
277,0.29,Very Good,G,VS1,62.1,59.0,426,4.22,4.25,2.63
278,0.26,Very Good,I,VVS2,62.7,55.0,427,4.09,4.12,2.57
279,0.28,Very Good,G,VS2,62.0,56.0,427,4.16,4.19,2.59
280,0.3,Very Good,J,VS1,59.5,60.0,427,4.39,4.45,2.63
281,0.3,Very Good,J,VS1,61.1,61.0,427,4.33,4.38,2.66
282,0.32,Ideal,E,SI2,61.3,56.0,427,4.42,4.45,2.72
283,0.33,Ideal,E,SI2,62.2,54.0,427,4.44,4.46,2.77
284,0.33,Ideal,E,SI2,61.7,55.0,427,4.44,4.47,2.75
285,0.32,Ideal,E,SI2,61.0,56.0,427,4.42,4.44,2.7
286,0.32,Ideal,E,SI2,61.6,56.0,427,4.4,4.43,2.72
287,0.28,Very Good,E,VS1,62.2,59.0,428,4.19,4.23,2.62
288,0.23,Good,G,VVS2,63.8,56.0,428,3.94,3.9,2.5
289,0.28,Very Good,H,VS2,61.6,57.0,429,4.22,4.25,2.61
290,0.28,Very Good,H,VS1,61.9,56.0,429,4.22,4.24,2.61
291,0.28,Very Good,H,VS1,61.9,56.0,429,4.18,4.2,2.59
292,0.28,Very Good,H,VS1,63.1,55.0,429,4.17,4.2,2.64
293,0.28,Very Good,H,VS1,62.4,56.0,429,4.2,4.23,2.63
294,0.27,Very Good,F,VS1,62.4,55.0,429,4.12,4.15,2.58
295,0.31,Ideal,J,VS1,61.7,55.1,429,4.36,4.39,2.7
296,0.31,Ideal,J,VS1,61.9,54.7,429,4.34,4.36,2.69
297,0.31,Ideal,G,SI2,61.6,55.6,429,4.34,4.37,2.69
298,0.29,Premium,I,VS2,62.4,58.0,429,4.23,4.2,2.63
299,0.35,Premium,H,SI2,62.0,58.0,429,4.47,4.5,2.78
300,0.35,Good,H,SI2,63.2,61.0,429,4.47,4.49,2.83
301,0.26,Very Good,H,VS1,62.9,54.0,430,4.06,4.08,2.56
302,0.24,Very Good,E,VS1,61.7,60.0,430,3.97,4.0,2.46
303,0.31,Ideal,I,SI1,61.4,56.0,430,4.35,4.38,2.68
304,0.32,Ideal,H,SI1,61.2,56.0,430,4.43,4.46,2.72
305,0.28,Ideal,G,SI1,60.7,56.0,430,4.25,4.28,2.59
306,0.25,Ideal,F,SI1,61.5,56.0,430,4.06,4.09,2.5
307,0.25,Ideal,F,SI1,60.1,56.0,430,4.11,4.13,2.48
308,0.31,Very Good,J,SI2,63.3,58.0,430,4.35,4.34,2.75
309,0.23,Very Good,H,VVS2,62.4,55.0,431,3.91,3.94,2.45
310,0.23,Very Good,H,VVS2,62.6,56.0,431,3.92,3.95,2.46
311,0.23,Very Good,G,VVS2,62.9,55.0,431,3.88,3.92,2.45
312,0.23,Very Good,G,VVS2,62.6,54.0,431,3.91,3.95,2.46
313,0.23,Very Good,G,VVS2,62.3,57.0,431,3.9,3.92,2.43
314,0.23,Very Good,G,VVS2,62.8,55.0,431,3.93,3.95,2.47
315,0.25,Ideal,H,VS1,61.7,57.0,431,4.04,4.07,2.5
316,0.31,Premium,G,SI1,61.8,58.0,431,4.32,4.35,2.68
317,0.31,Good,G,SI1,63.3,57.0,431,4.3,4.33,2.73
318,0.3,Very Good,G,SI1,62.4,54.0,432,4.33,4.35,2.71
319,0.3,Very Good,G,SI1,62.5,56.0,432,4.27,4.3,2.68
320,0.3,Very Good,G,SI1,61.0,58.0,432,4.3,4.32,2.63
321,0.3,Very Good,G,SI1,62.1,58.0,432,4.26,4.28,2.65
322,0.27,Ideal,I,VS1,61.6,56.0,432,4.15,4.19,2.57
323,0.27,Ideal,I,VS1,61.9,54.0,432,4.14,4.19,2.58
324,0.27,Ideal,I,VS1,62.5,54.0,432,4.16,4.19,2.61
325,0.27,Ideal,I,VS1,61.9,54.0,432,4.15,4.18,2.58
326,0.27,Ideal,I,VS1,61.9,55.0,432,4.16,4.18,2.58
327,0.27,Ideal,I,VS1,62.0,56.0,432,4.16,4.19,2.59
328,0.27,Ideal,I,VS1,61.3,57.0,432,4.16,4.19,2.56
329,0.27,Ideal,I,VS1,62.2,54.0,432,4.16,4.2,2.6
330,0.24,Very Good,E,VS1,61.5,57.0,357,3.99,4.07,2.48
331,0.23,Very Good,D,VS1,61.8,57.0,357,3.9,3.93,2.42
332,0.25,Ideal,H,SI1,62.8,54.0,357,4.05,4.07,2.55
333,0.23,Good,E,VS2,61.8,63.0,357,3.88,3.89,2.4
334,0.23,Good,F,VS2,63.8,57.0,357,3.93,3.84,2.48
335,0.26,Ideal,I,VS1,61.9,56.0,358,4.08,4.16,2.55
336,0.28,Very Good,H,SI1,61.5,56.0,360,4.21,4.24,2.6
337,0.3,Ideal,I,SI2,62.0,55.0,360,4.32,4.33,2.68
338,0.27,Ideal,G,SI2,62.3,55.0,361,4.14,4.18,2.59
339,0.25,Good,E,VS1,63.3,60.0,361,3.99,4.04,2.54
340,0.25,Fair,E,VS1,55.2,64.0,361,4.21,4.23,2.33
341,0.32,Good,D,I1,64.0,54.0,361,4.33,4.36,2.78
342,0.23,Very Good,D,VS2,62.7,58.0,362,3.86,3.89,2.43
343,0.24,Very Good,E,VS2,64.1,59.0,362,3.88,3.92,2.5
344,0.24,Very Good,E,VS2,60.8,56.0,362,4.02,4.04,2.45
345,0.26,Ideal,H,SI2,62.5,53.0,362,4.09,4.13,2.57
346,0.25,Ideal,G,SI1,62.3,53.0,363,4.06,4.09,2.54
347,0.31,Very Good,J,SI1,61.9,59.0,363,4.28,4.32,2.66
348,0.31,Very Good,J,SI1,62.7,59.0,363,4.29,4.32,2.7
349,0.31,Premium,J,SI1,60.9,60.0,363,4.36,4.38,2.66
350,0.31,Good,J,SI1,63.5,55.0,363,4.3,4.33,2.74
351,0.24,Ideal,G,SI1,62.2,54.0,364,3.97,4.0,2.48
352,0.23,Ideal,G,SI1,62.0,54.0,364,3.95,3.99,2.46
353,0.23,Ideal,G,SI1,62.1,53.0,364,3.93,3.96,2.45
354,0.32,Premium,J,SI1,62.2,59.0,365,4.37,4.41,2.73
355,0.33,Ideal,J,SI2,62.4,54.0,366,4.43,4.45,2.77
356,0.24,Very Good,E,VS2,64.5,57.0,367,3.88,3.93,2.52
357,0.24,Very Good,D,VS1,61.1,60.0,367,3.96,3.99,2.43
358,0.3,Ideal,I,SI2,62.4,54.0,367,4.32,4.34,2.7
359,0.3,Ideal,I,SI2,61.9,56.0,367,4.3,4.32,2.67
360,0.27,Ideal,I,VS1,62.2,55.0,432,4.15,4.18,2.59
361,0.27,Ideal,I,VS1,62.1,54.0,432,4.16,4.18,2.59
362,0.24,Ideal,I,VS1,62.0,56.0,432,4.0,4.01,2.48
363,0.3,Ideal,G,SI1,62.3,56.0,432,4.29,4.32,2.68
364,0.3,Ideal,G,SI1,61.6,57.0,432,4.29,4.34,2.66
365,0.3,Ideal,G,SI1,62.0,57.0,432,4.27,4.31,2.66
366,0.3,Ideal,G,SI1,60.6,56.0,432,4.35,4.4,2.65
367,0.24,Ideal,I,VVS1,62.3,57.0,432,3.98,3.95,2.47
368,0.24,Ideal,J,VVS2,62.8,57.0,432,3.96,3.94,2.48
369,0.3,Good,H,SI1,63.7,57.0,432,4.26,4.28,2.72
370,0.32,Good,I,SI1,63.1,56.0,432,4.36,4.39,2.76
371,0.32,Very Good,I,SI1,62.9,58.0,432,4.33,4.35,2.73
372,0.32,Ideal,I,SI1,60.7,57.0,432,4.42,4.47,2.7
373,0.32,Very Good,I,SI1,62.8,58.0,432,4.34,4.39,2.74
374,0.3,Good,H,SI1,63.4,60.0,432,4.23,4.25,2.69
375,0.3,Very Good,H,SI1,60.9,59.0,432,4.29,4.31,2.62
376,0.3,Very Good,H,SI1,62.9,59.0,432,4.24,4.28,2.68
377,0.3,Very Good,H,SI1,62.9,57.0,432,4.22,4.27,2.67
378,0.3,Very Good,H,SI1,62.9,58.0,432,4.24,4.28,2.68
379,0.32,Good,I,SI1,63.9,55.0,432,4.34,4.36,2.78
380,0.32,Premium,I,SI1,61.0,59.0,432,4.36,4.39,2.67
381,0.3,Good,H,SI1,63.3,56.0,432,4.27,4.29,2.71
382,0.3,Good,H,SI1,63.1,56.0,432,4.27,4.29,2.7
383,0.32,Ideal,I,SI1,62.4,57.0,432,4.35,4.37,2.72
384,0.32,Premium,I,SI1,62.7,58.0,432,4.34,4.37,2.73
385,0.3,Good,H,SI1,63.8,55.0,432,4.2,4.26,2.7
386,0.3,Very Good,H,SI1,60.1,55.0,432,4.38,4.41,2.64
387,0.3,Very Good,H,SI1,62.5,57.0,432,4.25,4.29,2.67
388,0.24,Premium,H,VVS1,61.2,58.0,432,3.96,4.01,2.44
389,0.24,Very Good,H,VVS2,60.7,58.0,432,4.04,4.07,2.46
390,0.24,Premium,H,VVS1,60.8,59.0,432,4.0,4.02,2.44
391,0.24,Very Good,G,VVS1,62.3,59.0,432,3.92,3.95,2.45
392,0.31,Very Good,G,SI2,61.7,55.0,433,4.37,4.4,2.71
393,0.33,Ideal,H,SI2,61.1,57.0,433,4.46,4.48,2.73
394,0.33,Ideal,H,SI2,61.3,55.0,433,4.48,4.49,2.75
395,0.33,Ideal,H,SI2,61.4,55.0,433,4.47,4.49,2.75
396,0.23,Very Good,H,VVS1,61.6,56.0,434,3.94,3.97,2.43
397,0.28,Very Good,E,VS1,62.8,60.0,434,4.16,4.21,2.63
398,0.26,Ideal,H,VS2,62.1,55.0,434,4.08,4.1,2.54
399,0.26,Ideal,H,VS2,61.3,56.0,434,4.09,4.13,2.52
400,0.26,Ideal,I,VS1,62.1,55.0,434,4.11,4.13,2.56
401,0.32,Ideal,H,SI2,60.9,56.0,434,4.41,4.45,2.7
402,0.32,Ideal,H,SI1,61.5,55.0,434,4.41,4.43,2.72
403,0.23,Premium,H,VS1,59.4,61.0,434,4.05,4.0,2.39
404,0.33,Very Good,I,SI1,63.0,57.0,434,4.37,4.39,2.76
405,0.33,Premium,G,SI2,62.6,58.0,434,4.4,4.42,2.76
406,0.33,Very Good,J,VS1,62.8,58.0,434,4.38,4.41,2.76
407,0.33,Very Good,G,SI2,62.9,55.0,434,4.41,4.46,2.79
408,0.33,Very Good,G,SI2,59.4,59.0,434,4.5,4.52,2.68
409,0.33,Good,I,SI1,63.6,53.0,434,4.4,4.43,2.81
410,0.33,Ideal,G,SI2,61.9,56.0,434,4.41,4.45,2.74
411,0.33,Premium,F,SI2,62.3,58.0,434,4.4,4.43,2.75
412,0.33,Very Good,J,VS1,61.5,61.0,434,4.39,4.46,2.72
413,0.33,Premium,I,SI1,60.4,59.0,434,4.5,4.54,2.73
414,0.33,Ideal,J,VS1,62.1,55.0,434,4.41,4.44,2.75
415,0.33,Very Good,F,SI2,63.0,58.0,434,4.4,4.42,2.78
416,0.29,Ideal,J,VS1,61.8,56.0,435,4.23,4.26,2.62
417,0.31,Ideal,E,SI2,61.7,56.0,435,4.35,4.4,2.7
418,0.31,Very Good,E,SI2,60.8,61.0,435,4.39,4.43,2.68
419,0.31,Very Good,I,VS2,62.3,57.0,435,4.32,4.35,2.7
420,0.31,Very Good,E,SI2,61.2,61.0,435,4.36,4.37,2.67
421,0.31,Good,I,VS2,63.1,54.0,435,4.31,4.34,2.73
422,0.31,Good,H,SI1,63.6,57.0,435,4.28,4.31,2.73
423,0.31,Very Good,H,SI1,62.9,56.0,435,4.27,4.31,2.7
424,0.25,Very Good,F,VS1,61.2,59.0,435,4.02,4.05,2.47
425,0.25,Premium,E,VS1,61.5,60.0,435,4.02,4.04,2.48
426,0.31,Good,I,VS2,63.2,55.0,435,4.3,4.4,2.75
427,0.31,Premium,I,VS2,61.1,58.0,435,4.36,4.38,2.67
428,0.25,Premium,E,VS1,60.7,59.0,435,4.11,4.13,2.5
429,0.31,Very Good,I,VS2,60.8,60.0,435,4.37,4.42,2.67
430,0.31,Ideal,I,VS2,59.9,57.0,435,4.38,4.4,2.63
431,0.31,Very Good,I,VS2,60.7,61.0,435,4.32,4.34,2.63
432,0.31,Premium,I,VS2,59.9,60.0,435,4.41,4.44,2.65
433,0.31,Very Good,H,SI1,61.7,59.0,435,4.36,4.39,2.7
434,0.31,Premium,H,SI1,62.7,58.0,435,4.31,4.34,2.71
435,0.31,Ideal,E,SI2,60.1,57.0,435,4.41,4.44,2.66
436,0.31,Very Good,H,SI1,62.4,57.0,435,4.31,4.35,2.7
437,0.31,Premium,I,VS2,62.3,60.0,435,4.31,4.32,2.69
438,0.31,Premium,G,VS2,61.8,58.0,435,4.35,4.39,2.7
439,0.31,Premium,E,SI2,60.9,60.0,435,4.35,4.38,2.66
440,0.31,Very Good,H,SI1,58.7,60.0,435,4.43,4.47,2.61
441,0.31,Very Good,H,SI1,61.0,61.0,435,4.33,4.39,2.66
442,0.25,Good,F,VS1,63.6,57.0,435,4.01,4.04,2.56
443,0.31,Very Good,H,SI1,62.8,58.0,435,4.28,4.32,2.7
444,0.31,Premium,I,VS2,59.8,60.0,435,4.38,4.42,2.63
445,0.31,Ideal,E,SI2,61.3,55.0,435,4.34,4.37,2.67
446,0.31,Premium,I,VS2,60.8,58.0,435,4.34,4.37,2.65
447,0.31,Good,H,VS1,57.5,60.0,435,4.46,4.51,2.58
448,0.25,Very Good,E,VS2,63.3,56.0,436,4.01,4.05,2.55
449,0.25,Very Good,F,VS1,62.1,58.0,436,4.0,4.05,2.5
450,0.25,Very Good,F,VS1,59.7,57.0,436,4.13,4.21,2.49
451,0.25,Very Good,F,VS1,59.6,56.0,436,4.13,4.16,2.47
452,0.25,Very Good,E,VS1,59.9,56.0,436,4.1,4.15,2.47
453,0.25,Very Good,D,VS1,63.0,59.0,436,3.97,4.0,2.51
454,0.25,Ideal,F,VS2,62.8,57.0,436,3.98,4.01,2.51
455,0.24,Ideal,G,VS1,62.3,57.0,436,3.99,4.02,2.49
456,0.25,Ideal,F,VS1,61.8,57.0,436,4.07,4.09,2.52
457,0.31,Ideal,G,SI2,62.0,54.0,436,4.38,4.42,2.73
458,0.31,Ideal,G,SI2,62.2,54.0,436,4.36,4.39,2.72
459,0.31,Ideal,G,SI2,61.9,55.0,436,4.37,4.39,2.71
460,0.31,Ideal,I,SI1,62.1,54.0,436,4.37,4.39,2.72
461,0.31,Ideal,I,SI1,61.9,56.0,436,4.33,4.36,2.69
462,0.31,Ideal,I,SI1,61.3,56.0,436,4.37,4.4,2.69
463,0.31,Ideal,I,SI1,60.8,56.0,436,4.38,4.41,2.67
464,0.31,Ideal,I,SI1,61.5,55.0,436,4.36,4.39,2.69
465,0.31,Ideal,I,SI1,62.0,53.0,436,4.37,4.4,2.72
466,0.31,Ideal,I,SI1,62.2,54.0,436,4.36,4.39,2.72
467,0.3,Ideal,I,VS2,61.3,58.0,438,4.3,4.31,2.64
468,0.3,Ideal,I,VS2,61.6,57.0,438,4.28,4.33,2.65
469,0.3,Ideal,I,VS2,61.5,58.0,438,4.28,4.31,2.64
470,0.3,Ideal,I,VS2,60.3,57.0,438,4.36,4.39,2.64
471,0.3,Ideal,I,VS2,61.4,58.0,438,4.29,4.31,2.64
472,0.3,Ideal,I,VS2,62.1,54.0,438,4.32,4.35,2.69
473,0.3,Ideal,I,VS2,62.0,55.0,438,4.3,4.35,2.68
474,0.3,Ideal,I,VS2,62.7,54.0,438,4.28,4.3,2.69
475,0.25,Ideal,G,VS1,62.0,54.0,438,4.06,4.07,2.52
476,0.25,Ideal,G,VS1,62.3,54.0,438,4.05,4.11,2.54
477,0.25,Ideal,G,VS1,62.6,53.0,438,4.01,4.07,2.53
478,0.25,Ideal,G,VS1,62.7,54.0,438,4.05,4.08,2.55
479,0.34,Ideal,F,SI2,61.9,57.0,438,4.5,4.52,2.79
480,0.23,Very Good,G,VVS2,58.1,59.0,438,4.09,4.03,2.36
481,0.27,Very Good,G,VS2,61.5,57.0,439,4.18,4.22,2.58
482,0.27,Very Good,G,VS1,61.9,56.0,439,4.14,4.17,2.57
483,0.27,Very Good,G,VS1,61.0,54.0,439,4.19,4.21,2.56
484,0.27,Very Good,G,VS1,61.9,56.0,439,4.13,4.16,2.56
485,0.3,Ideal,J,VVS2,62.1,56.0,439,4.31,4.32,2.68
486,0.3,Ideal,J,VVS2,62.3,58.0,439,4.26,4.28,2.66
487,0.36,Ideal,I,SI2,62.1,54.0,439,4.56,4.58,2.84
488,0.36,Ideal,J,SI1,62.3,53.0,439,4.59,4.62,2.87
489,0.3,Ideal,I,SI1,60.4,59.0,439,4.33,4.35,2.62
490,0.23,Good,E,VVS1,59.9,65.0,439,3.93,3.95,2.36
491,0.3,Good,J,SI1,64.0,55.0,439,4.28,4.25,2.73
492,0.34,Ideal,H,SI1,61.4,55.0,440,4.51,4.55,2.78
493,0.26,Good,H,VVS2,63.4,55.0,440,4.05,4.06,2.57
494,0.26,Very Good,H,VVS2,59.8,61.0,440,4.15,4.18,2.49
495,0.31,Ideal,H,SI1,61.8,54.0,441,4.35,4.4,2.7
496,0.3,Good,J,VS2,64.1,58.0,441,4.26,4.23,2.72
497,0.32,Good,D,SI2,64.1,54.0,441,4.34,4.37,2.79
498,0.35,Premium,H,SI2,61.6,58.0,441,4.49,4.54,2.78
499,0.27,Very Good,G,VVS2,61.9,57.0,442,4.12,4.15,2.56
500,0.31,Very Good,I,VS2,61.5,55.0,442,4.34,4.36,2.68
501,0.23,Very Good,E,VS1,61.3,56.0,442,3.96,3.98,2.43
502,0.24,Ideal,H,VVS2,62.5,54.0,442,3.95,3.98,2.48
503,0.32,Ideal,J,VS1,62.0,54.7,442,4.39,4.42,2.73
504,0.24,Ideal,G,VS1,61.8,56.0,442,3.99,4.04,2.48
505,0.3,Ideal,H,SI1,62.4,53.7,442,4.29,4.31,2.68
506,0.23,Good,F,VS2,61.0,57.0,442,3.97,4.01,2.44
507,0.3,Very Good,I,VS1,61.8,63.0,442,4.26,4.29,2.64
508,0.3,Very Good,I,VS1,61.6,61.0,442,4.23,4.28,2.62
509,0.27,Very Good,J,VVS2,60.8,57.0,443,4.16,4.2,2.54
510,0.31,Ideal,G,SI1,61.3,58.0,443,4.37,4.4,2.69
511,0.29,Very Good,H,VS1,62.2,56.0,444,4.24,4.27,2.64
512,0.29,Ideal,I,VS1,61.7,56.0,444,4.22,4.27,2.62
513,0.32,Premium,E,I1,60.9,58.0,444,4.42,4.38,2.68
514,0.27,Very Good,H,VVS2,61.2,58.0,445,4.16,4.2,2.56
515,0.26,Very Good,I,SI1,59.2,60.0,445,4.2,4.24,2.5
516,0.25,Ideal,H,VS1,61.5,56.0,445,4.05,4.08,2.5
517,0.25,Ideal,H,VS1,62.6,53.0,445,4.04,4.08,2.54
518,0.33,Very Good,I,SI1,61.4,58.0,445,4.46,4.5,2.75
519,0.33,Ideal,I,SI1,61.5,57.0,445,4.46,4.49,2.75
520,0.33,Premium,I,SI1,61.3,59.0,445,4.46,4.51,2.75
521,0.33,Ideal,I,SI1,62.7,56.0,445,4.4,4.44,2.77
522,0.33,Very Good,I,SI1,62.8,58.0,445,4.39,4.43,2.77
523,0.33,Good,I,SI1,63.6,57.0,445,4.39,4.42,2.8
524,0.33,Good,I,SI1,63.2,58.0,445,4.36,4.38,2.76
525,0.32,Ideal,G,SI1,62.6,55.0,445,4.38,4.41,2.75
526,0.23,Premium,F,VVS2,61.3,59.0,445,3.94,3.99,2.43
527,0.34,Good,E,SI2,63.1,56.0,445,4.46,4.51,2.83
528,0.35,Ideal,J,VS2,61.8,55.0,446,4.54,4.56,2.81
529,0.35,Ideal,J,VS2,61.4,55.0,446,4.55,4.57,2.8
530,0.31,Ideal,G,SI1,61.7,54.0,446,4.38,4.4,2.71
531,0.31,Ideal,G,SI1,61.2,55.0,446,4.37,4.39,2.68
532,0.36,Premium,F,SI2,60.3,59.0,446,4.62,4.57,2.77
533,0.31,Very Good,H,SI1,62.4,60.0,446,4.32,4.34,2.7
534,0.31,Very Good,H,SI1,61.1,55.0,446,4.35,4.39,2.67
535,0.31,Very Good,H,SI1,61.4,55.0,446,4.36,4.44,2.7
536,0.31,Good,H,SI1,63.6,57.0,446,4.32,4.33,2.75
537,0.31,Ideal,H,SI1,62.7,56.0,446,4.33,4.38,2.73
538,0.31,Very Good,H,SI1,62.3,55.0,446,4.34,4.36,2.71
539,0.31,Very Good,H,SI1,61.1,57.0,446,4.32,4.35,2.65
540,0.31,Good,H,SI1,63.1,57.0,446,4.31,4.34,2.73
541,0.31,Very Good,H,SI1,59.0,57.0,446,4.4,4.44,2.61
542,0.31,Very Good,H,SI1,60.5,60.0,446,4.33,4.4,2.64
543,0.31,Ideal,I,VS2,62.1,53.7,447,4.37,4.4,2.72
544,0.31,Ideal,I,VS2,62.3,53.8,447,4.32,4.36,2.7
545,0.26,Ideal,F,SI1,61.8,55.0,447,4.12,4.14,2.55
546,0.23,Good,F,VS2,63.8,57.0,447,3.93,3.84,2.48
547,0.3,Very Good,D,SI2,61.2,60.0,447,4.28,4.31,2.63
548,0.3,Very Good,D,SI2,61.4,59.0,447,4.26,4.31,2.63
549,0.3,Very Good,D,SI2,62.4,59.0,447,4.25,4.28,2.66
550,0.3,Very Good,G,SI1,61.0,57.0,447,4.31,4.34,2.64
551,0.34,Very Good,I,SI1,59.2,61.0,447,4.57,4.58,2.71
552,0.34,Very Good,I,SI1,61.3,61.0,447,4.45,4.49,2.74
553,0.34,Very Good,F,SI2,60.0,62.0,447,4.51,4.55,2.72
554,0.34,Premium,F,SI2,60.0,58.0,447,4.55,4.58,2.74
555,0.34,Very Good,J,VS1,61.7,58.0,447,4.41,4.47,2.74
556,0.34,Very Good,F,SI2,63.0,58.0,447,4.45,4.47,2.81
557,0.3,Very Good,G,SI1,62.6,57.0,447,4.25,4.34,2.69
558,0.3,Premium,D,SI2,60.9,58.0,447,4.29,4.32,2.62
559,0.3,Good,G,SI1,63.8,56.0,447,4.26,4.3,2.73
560,0.3,Very Good,G,SI1,59.8,57.0,447,4.32,4.37,2.6
561,0.34,Good,F,SI2,63.3,54.0,447,4.46,4.48,2.83
562,0.3,Good,D,SI2,63.3,57.0,447,4.26,4.3,2.71
563,0.34,Ideal,F,SI2,60.1,56.0,447,4.54,4.55,2.73
564,0.34,Premium,I,SI1,60.2,59.0,447,4.52,4.55,2.73
565,0.3,Very Good,G,SI1,60.1,62.0,447,4.35,4.37,2.62
566,0.3,Very Good,D,SI2,63.0,55.0,447,4.25,4.26,2.68
567,0.3,Premium,D,SI2,62.4,58.0,447,4.28,4.31,2.68
568,0.3,Ideal,D,SI2,61.1,55.0,447,4.32,4.35,2.65
569,0.3,Very Good,D,SI2,61.0,61.0,447,4.25,4.31,2.61
570,0.3,Very Good,D,SI2,62.9,58.0,447,4.26,4.29,2.69
571,0.3,Very Good,G,SI1,61.6,59.0,447,4.26,4.28,2.63
572,0.3,Premium,D,SI2,62.3,58.0,447,4.29,4.32,2.68
573,0.3,Ideal,D,SI2,60.2,56.0,447,4.37,4.4,2.64
574,0.3,Very Good,D,SI2,62.2,59.0,447,4.25,4.3,2.66
575,0.34,Very Good,I,SI1,61.8,57.0,447,4.46,4.51,2.77
576,0.34,Good,F,SI2,63.5,56.0,447,4.44,4.48,2.83
577,0.3,Ideal,D,SI2,62.1,57.0,447,4.3,4.33,2.68
578,0.34,Very Good,G,SI2,62.8,59.0,447,4.45,4.47,2.8
579,0.3,Very Good,G,SI1,62.8,56.0,447,4.28,4.32,2.7
580,0.3,Very Good,G,SI1,62.7,58.0,447,4.22,4.27,2.66
581,0.3,Good,D,SI2,63.4,56.0,447,4.26,4.29,2.71
582,0.3,Good,D,SI2,63.2,57.0,447,4.21,4.24,2.67
583,0.3,Very Good,D,SI2,61.8,58.0,447,4.29,4.32,2.66
584,0.34,Very Good,F,SI2,61.7,61.0,447,4.44,4.48,2.75
585,0.3,Very Good,G,SI1,58.8,60.0,447,4.35,4.39,2.57
586,0.3,Very Good,G,SI1,59.5,63.0,447,4.29,4.32,2.56
587,0.3,Very Good,G,SI1,59.7,60.0,447,4.35,4.39,2.61
588,0.34,Premium,I,SI1,62.7,58.0,447,4.4,4.43,2.77
589,0.34,Very Good,G,SI2,62.8,58.0,447,4.43,4.46,2.79
590,0.34,Good,I,SI1,63.7,54.0,447,4.43,4.48,2.84
591,0.3,Very Good,G,SI1,61.4,57.0,447,4.31,4.35,2.66
592,0.3,Very Good,G,SI1,62.9,59.0,447,4.24,4.28,2.68
593,0.3,Premium,D,SI2,60.2,60.0,447,4.32,4.35,2.61
594,0.28,Ideal,I,VS1,61.8,55.0,448,4.2,4.25,2.61
595,0.28,Ideal,I,VS1,62.5,54.0,448,4.18,4.23,2.63
596,0.28,Ideal,I,VS1,62.4,54.0,448,4.18,4.19,2.61
597,0.26,Ideal,H,VS1,62.6,56.0,448,4.07,4.09,2.55
598,0.26,Ideal,H,VS1,61.9,55.0,448,4.1,4.13,2.55
599,0.26,Ideal,H,VS1,62.1,56.0,448,4.13,4.15,2.56
600,0.26,Ideal,H,VS1,61.8,56.0,448,4.12,4.14,2.55
601,0.33,Ideal,H,SI2,61.2,54.0,448,4.45,4.5,2.74
602,0.24,Very Good,H,VVS2,61.3,57.0,449,4.01,4.04,2.46
603,0.24,Very Good,H,VVS2,61.4,57.0,449,4.02,4.04,2.47
604,0.24,Very Good,H,VVS2,61.9,57.0,449,3.97,4.01,2.47
605,0.24,Very Good,H,VVS2,61.5,56.0,449,3.99,4.01,2.46
606,0.24,Very Good,G,VVS2,62.0,56.0,449,4.0,4.03,2.49
607,0.24,Very Good,G,VVS2,62.0,57.0,449,4.0,4.03,2.49
608,0.24,Very Good,G,VVS2,62.0,56.0,449,3.99,4.03,2.48
609,0.24,Very Good,H,VVS1,61.3,56.0,449,4.01,4.04,2.46
610,0.24,Very Good,H,VVS1,62.3,56.0,449,3.99,4.02,2.49
611,0.27,Very Good,E,VS2,58.6,57.0,449,4.3,4.33,2.53
612,0.24,Very Good,H,IF,61.3,56.0,449,4.04,4.06,2.48
613,0.24,Ideal,H,VVS1,62.4,56.0,449,3.99,4.03,2.5
614,0.27,Ideal,H,VS1,62.2,56.0,449,4.12,4.15,2.57
615,0.32,Ideal,D,SI2,62.1,55.0,449,4.38,4.4,2.73
616,0.32,Ideal,G,SI1,61.8,55.0,449,4.4,4.43,2.73
617,0.23,Very Good,D,SI2,63.5,57.0,449,3.87,3.85,2.45
618,0.32,Premium,H,SI1,61.3,60.0,449,4.36,4.42,2.69
619,0.32,Very Good,H,SI1,61.9,59.0,449,4.38,4.41,2.72
620,0.32,Very Good,E,SI2,62.4,58.0,449,4.35,4.4,2.73
621,0.32,Ideal,I,VS2,62.2,57.0,449,4.39,4.42,2.74
622,0.32,Very Good,H,SI1,61.9,58.0,449,4.34,4.38,2.7
623,0.32,Ideal,I,VS2,62.5,55.0,449,4.38,4.39,2.74
624,0.32,Very Good,I,VS2,62.8,58.0,449,4.33,4.37,2.73
625,0.32,Premium,E,SI2,61.2,58.0,449,4.39,4.44,2.7
626,0.32,Ideal,E,SI2,62.0,55.0,449,4.36,4.41,2.72
627,0.32,Ideal,I,VS2,62.5,57.0,449,4.35,4.39,2.73
628,0.32,Ideal,I,VS2,62.0,57.0,449,4.36,4.41,2.72
629,0.32,Very Good,I,VS2,63.0,56.0,449,4.38,4.42,2.77
630,0.32,Good,H,SI1,63.1,54.0,449,4.36,4.42,2.77
631,0.32,Very Good,I,VS2,61.1,57.0,449,4.39,4.42,2.69
632,0.32,Ideal,H,SI1,60.6,57.0,449,4.4,4.44,2.68
633,0.32,Premium,E,SI2,61.7,60.0,449,4.38,4.41,2.71
634,0.32,Good,H,SI1,63.1,55.0,449,4.34,4.37,2.75
635,0.32,Very Good,H,SI1,62.2,56.0,449,4.36,4.39,2.72
636,0.32,Very Good,I,VS2,63.0,55.0,449,4.34,4.39,2.75
637,0.32,Ideal,I,VS2,62.5,55.0,449,4.37,4.4,2.74
638,0.32,Ideal,I,VS2,61.5,56.0,449,4.4,4.41,2.71
639,0.32,Very Good,I,VS2,62.9,57.0,449,4.37,4.4,2.76
640,0.32,Ideal,I,VS2,60.3,56.0,449,4.44,4.45,2.68
641,0.32,Very Good,E,SI2,62.7,57.0,449,4.34,4.37,2.73
642,0.32,Good,I,VS2,63.2,56.0,449,4.32,4.38,2.75
643,0.32,Ideal,I,VS2,61.6,56.0,449,4.37,4.39,2.7
644,0.32,Premium,E,SI2,59.7,60.0,449,4.43,4.45,2.65
645,0.32,Very Good,I,VS2,63.0,57.0,449,4.33,4.37,2.74
646,0.32,Ideal,I,VS2,61.3,56.0,449,4.38,4.43,2.7
647,0.32,Premium,I,VS2,62.2,59.0,449,4.35,4.37,2.71
648,0.32,Good,I,VS2,63.4,55.0,449,4.33,4.37,2.76
649,0.32,Ideal,E,SI2,62.7,55.0,449,4.39,4.42,2.76
650,0.32,Premium,I,VS2,62.6,58.0,449,4.37,4.42,2.75
651,0.28,Very Good,H,VVS2,62.4,54.0,450,4.2,4.23,2.63
652,0.25,Ideal,I,VS2,62.0,57.0,450,4.02,4.06,2.5
653,0.32,Ideal,G,SI2,61.6,56.0,450,4.44,4.46,2.74
654,0.32,Ideal,G,SI2,61.8,55.0,450,4.4,4.43,2.73
655,0.32,Ideal,G,SI2,62.2,53.0,450,4.4,4.44,2.75
656,0.36,Ideal,F,SI2,62.2,55.0,450,4.57,4.59,2.85
657,0.33,Ideal,F,SI2,62.3,55.0,450,4.44,4.49,2.78
658,0.36,Ideal,F,SI2,61.2,56.0,450,4.61,4.64,2.83
659,0.32,Ideal,I,SI1,61.9,54.0,450,4.41,4.45,2.74
660,0.3,Ideal,J,SI1,62.3,57.0,367,4.27,4.3,2.67
661,0.2,Premium,E,VS2,59.8,62.0,367,3.79,3.77,2.26
662,0.2,Premium,E,VS2,59.0,60.0,367,3.81,3.78,2.24
663,0.2,Premium,E,VS2,61.1,59.0,367,3.81,3.78,2.32
664,0.2,Premium,E,VS2,59.7,62.0,367,3.84,3.8,2.28
665,0.2,Ideal,E,VS2,59.7,55.0,367,3.86,3.84,2.3
666,0.2,Premium,F,VS2,62.6,59.0,367,3.73,3.71,2.33
667,0.2,Ideal,D,VS2,61.5,57.0,367,3.81,3.77,2.33
668,0.2,Very Good,E,VS2,63.4,59.0,367,3.74,3.71,2.36
669,0.2,Ideal,E,VS2,62.2,57.0,367,3.76,3.73,2.33
670,0.2,Premium,D,VS2,62.3,60.0,367,3.73,3.68,2.31
671,0.2,Premium,D,VS2,61.7,60.0,367,3.77,3.72,2.31
672,0.25,Ideal,H,VS2,61.0,55.0,367,4.09,4.11,2.5
673,0.3,Premium,J,VS2,62.2,58.0,368,4.28,4.3,2.67
674,0.3,Good,H,SI2,63.9,56.0,368,4.24,4.27,2.72
675,0.3,Very Good,J,VS2,61.6,61.0,368,4.28,4.33,2.65
676,0.3,Good,J,VS2,63.4,57.0,368,4.22,4.26,2.69
677,0.3,Premium,J,VS2,60.6,59.0,368,4.34,4.38,2.64
678,0.3,Premium,H,SI2,60.9,59.0,368,4.32,4.35,2.64
679,0.23,Very Good,G,VS2,62.8,53.0,369,3.91,3.93,2.46
680,0.23,Very Good,H,IF,63.9,55.0,369,3.89,3.9,2.49
681,0.23,Fair,G,VVS2,61.4,66.0,369,3.87,3.91,2.39
682,0.24,Very Good,F,SI1,61.6,57.0,370,4.02,4.05,2.48
683,0.26,Ideal,I,VS2,61.8,55.0,371,4.12,4.17,2.56
684,0.32,Ideal,I,SI2,61.7,55.0,371,4.39,4.42,2.72
685,0.27,Fair,E,VS1,66.4,58.0,371,3.99,4.02,2.66
686,0.31,Ideal,I,SI2,62.0,54.1,372,4.32,4.35,2.69
687,0.24,Very Good,D,VS2,61.4,60.0,373,3.98,4.0,2.45
688,0.23,Very Good,E,VS2,62.5,59.0,373,3.91,3.96,2.46
689,0.24,Very Good,F,VS1,62.5,55.0,373,3.94,3.97,2.47
690,0.32,Ideal,I,SI1,61.2,56.0,450,4.4,4.44,2.7
691,0.32,Ideal,I,SI1,60.5,58.0,450,4.43,4.49,2.7
692,0.3,Ideal,H,SI1,61.9,57.0,450,4.3,4.32,2.67
693,0.3,Ideal,H,SI1,62.4,55.0,450,4.3,4.32,2.69
694,0.3,Ideal,H,SI1,62.2,57.0,450,4.26,4.29,2.66
695,0.3,Ideal,H,SI1,61.3,58.0,450,4.3,4.34,2.65
696,0.3,Ideal,H,SI1,62.2,57.0,450,4.27,4.28,2.66
697,0.3,Ideal,H,SI1,62.2,57.0,450,4.26,4.29,2.66
698,0.3,Ideal,H,SI1,62.2,57.0,450,4.27,4.31,2.67
699,0.3,Ideal,H,SI1,62.2,57.0,450,4.27,4.28,2.66
700,0.3,Ideal,H,SI1,61.6,54.0,450,4.33,4.37,2.68
701,0.3,Ideal,H,SI1,60.9,58.0,450,4.31,4.33,2.63
702,0.3,Ideal,H,SI1,62.1,55.0,450,4.3,4.33,2.68
703,0.3,Ideal,H,SI1,62.0,56.0,450,4.29,4.32,2.67
704,0.3,Ideal,H,SI1,62.1,56.0,450,4.29,4.31,2.67
705,0.3,Very Good,I,SI2,63.3,56.0,450,4.3,4.26,2.71
706,0.3,Premium,J,SI1,62.7,59.0,450,4.27,4.21,2.66
707,0.3,Very Good,J,SI1,63.4,54.0,450,4.29,4.23,2.7
708,0.3,Good,J,SI1,63.8,56.0,450,4.26,4.23,2.71
709,0.33,Premium,J,VS2,59.6,61.0,450,4.53,4.49,2.69
710,0.25,Very Good,H,VVS1,60.1,62.0,450,4.08,4.11,2.46
711,0.25,Ideal,H,VVS1,62.5,56.0,450,4.03,4.06,2.53
712,0.25,Premium,H,VVS1,59.8,59.0,450,4.07,4.09,2.44
713,0.25,Very Good,G,VVS1,63.7,54.0,451,3.98,4.03,2.55
714,0.27,Ideal,H,VS2,61.7,56.0,451,4.13,4.17,2.56
715,0.33,Ideal,J,VS1,61.6,54.0,451,4.5,4.52,2.78
716,0.39,Ideal,J,SI2,62.6,54.0,451,4.64,4.69,2.92
717,0.37,Ideal,J,SI1,62.2,53.0,451,4.63,4.67,2.89
718,0.28,Very Good,E,VS1,59.0,60.0,452,4.26,4.32,2.53
719,0.28,Very Good,E,VS1,61.4,60.0,452,4.16,4.24,2.58
720,0.28,Very Good,D,VS1,62.2,61.0,452,4.13,4.16,2.58
721,0.3,Premium,G,SI2,62.7,55.0,452,4.29,4.26,2.68
722,0.31,Ideal,I,VS2,62.1,54.0,452,4.35,4.38,2.71
723,0.31,Ideal,I,VS2,61.6,57.0,452,4.36,4.4,2.7
724,0.31,Ideal,I,VS2,61.6,55.0,452,4.37,4.4,2.7
725,0.31,Ideal,I,VS2,61.4,55.0,452,4.35,4.41,2.69
726,0.31,Ideal,I,VS2,61.0,57.0,452,4.37,4.38,2.67
727,0.31,Ideal,I,VS2,62.0,54.0,452,4.37,4.4,2.72
728,0.31,Ideal,I,VS2,62.3,54.0,452,4.37,4.4,2.73
729,0.31,Ideal,I,VS2,61.6,55.0,452,4.38,4.42,2.71
730,0.25,Ideal,D,SI1,61.5,55.0,452,4.09,4.14,2.52
731,0.23,Good,D,VVS2,61.8,65.0,452,3.9,3.93,2.42
732,0.43,Premium,H,I1,62.0,59.0,452,4.78,4.83,2.98
733,0.26,Very Good,E,VS2,62.1,56.0,452,4.11,4.13,2.56
734,0.26,Ideal,F,VS1,60.9,57.0,452,4.11,4.13,2.51
735,0.26,Very Good,E,VS2,60.4,58.0,452,4.15,4.19,2.52
736,0.26,Ideal,D,VS1,62.0,55.0,452,4.1,4.12,2.55
737,0.26,Premium,F,VS1,59.5,58.0,452,4.18,4.22,2.5
738,0.26,Premium,E,VS1,60.1,60.0,452,4.1,4.15,2.48
739,0.26,Ideal,F,VS1,62.3,56.0,452,4.08,4.1,2.55
740,0.26,Ideal,E,VS1,61.8,55.0,452,4.09,4.13,2.54
741,0.26,Premium,E,VS1,61.9,58.0,452,4.1,4.11,2.54
742,0.3,Very Good,I,VS2,60.5,55.0,453,4.34,4.37,2.63
743,0.26,Very Good,E,VS2,59.2,58.0,453,4.18,4.2,2.48
744,0.26,Very Good,E,VS2,63.2,56.0,453,4.06,4.1,2.58
745,0.26,Very Good,F,VS2,58.7,59.0,453,4.14,4.27,2.47
746,0.26,Very Good,F,VS2,59.0,59.0,453,4.19,4.25,2.49
747,0.26,Very Good,F,VS2,62.4,58.0,453,4.06,4.08,2.54
748,0.26,Very Good,F,VS2,62.9,59.0,453,4.04,4.07,2.55
749,0.26,Very Good,F,VS1,59.5,58.0,453,4.18,4.23,2.5
750,0.26,Very Good,F,VS1,61.7,58.0,453,4.1,4.14,2.54
751,0.26,Very Good,F,VS1,60.5,59.0,453,4.12,4.18,2.51
752,0.26,Very Good,E,VS1,63.0,59.0,453,4.03,4.06,2.55
753,0.26,Very Good,E,VS1,60.7,59.0,453,4.09,4.12,2.49
754,0.31,Ideal,J,VVS2,62.2,54.0,453,4.36,4.39,2.72
755,0.31,Ideal,J,VVS2,61.8,54.0,453,4.38,4.39,2.71
756,0.26,Ideal,F,VS2,62.1,57.0,453,4.06,4.12,2.54
757,0.33,Ideal,G,SI1,61.8,54.0,453,4.46,4.5,2.77
758,0.28,Ideal,F,SI1,62.3,54.0,453,4.21,4.23,2.63
759,0.26,Good,F,VS1,58.0,58.0,453,4.2,4.25,2.45
760,0.31,Premium,J,SI1,59.4,62.0,453,4.43,4.39,2.62
761,0.31,Premium,J,SI1,58.1,62.0,453,4.47,4.44,2.59
762,0.3,Ideal,H,VS2,61.7,57.0,454,4.28,4.32,2.65
763,0.3,Ideal,H,VS2,61.4,57.0,454,4.33,4.36,2.67
764,0.3,Ideal,I,VS1,61.5,58.0,454,4.28,4.31,2.64
765,0.25,Ideal,G,VS1,62.7,56.0,454,4.01,4.04,2.52
766,0.25,Ideal,G,VS1,62.5,55.0,454,4.0,4.02,2.51
767,0.34,Ideal,E,SI2,62.4,54.0,454,4.49,4.52,2.81
768,0.34,Ideal,E,SI2,61.3,55.0,454,4.49,4.52,2.76
769,0.34,Ideal,E,SI2,61.4,55.0,454,4.5,4.52,2.77
770,0.32,Ideal,D,SI2,61.7,55.0,454,4.39,4.42,2.72
771,0.37,Premium,J,VS2,60.7,60.0,454,4.65,4.68,2.83
772,0.37,Premium,J,VS2,61.1,60.0,454,4.6,4.63,2.82
773,0.35,Good,E,SI2,64.0,55.0,454,4.45,4.49,2.86
774,0.25,Very Good,I,VVS2,61.6,56.0,455,4.06,4.09,2.51
775,0.28,Ideal,G,SI1,61.2,54.0,455,4.22,4.27,2.6
776,0.26,Ideal,F,VS2,62.1,54.0,456,4.09,4.12,2.55
777,0.26,Ideal,F,VS2,62.3,56.0,456,4.1,4.12,2.56
778,0.33,Ideal,J,VS1,61.9,54.3,456,4.45,4.47,2.76
779,0.26,Ideal,G,VS1,62.1,54.0,456,4.1,4.14,2.56
780,0.26,Ideal,G,VS1,61.4,56.0,456,4.12,4.16,2.54
781,0.32,Ideal,E,SI2,61.3,56.0,456,4.42,4.45,2.72
782,0.33,Ideal,I,SI1,62.0,53.5,456,4.46,4.5,2.78
783,0.3,Good,G,VS2,63.5,58.0,456,4.24,4.29,2.71
784,0.25,Very Good,G,VVS1,59.4,63.0,457,4.07,4.11,2.43
785,0.34,Very Good,I,VS2,61.6,56.0,457,4.47,4.51,2.76
786,0.3,Very Good,H,VS2,62.6,57.0,457,4.25,4.28,2.67
787,0.3,Ideal,H,VS2,62.1,55.0,457,4.3,4.33,2.68
788,0.3,Ideal,H,VS2,62.0,57.0,457,4.27,4.31,2.66
789,0.3,Ideal,I,VS1,62.3,55.0,457,4.3,4.34,2.69
790,0.3,Ideal,I,VS1,62.5,54.0,457,4.3,4.34,2.7
791,0.3,Ideal,I,VS1,62.0,57.0,457,4.26,4.29,2.65
792,0.31,Ideal,H,SI1,61.5,56.5,457,4.34,4.36,2.67
793,0.31,Good,I,VS1,63.9,55.0,457,4.28,4.3,2.74
794,0.31,Very Good,H,VS2,58.9,61.0,457,4.43,4.46,2.62
795,0.23,Very Good,E,VVS2,61.4,55.0,458,3.92,3.99,2.43
796,0.23,Very Good,D,VVS2,62.4,53.0,458,3.94,3.95,2.46
797,0.23,Very Good,D,VVS1,59.7,58.0,458,3.97,4.04,2.39
798,0.28,Very Good,D,VS1,60.5,58.0,458,4.23,4.26,2.57
799,0.23,Good,F,VVS1,58.1,52.0,458,4.03,4.1,2.36
800,0.23,Good,E,VVS1,60.6,65.0,458,3.95,3.97,2.4
801,0.28,Good,E,VS1,63.1,55.0,458,4.15,4.18,2.63
802,0.31,Very Good,F,SI1,58.8,59.0,459,4.44,4.5,2.63
803,0.27,Ideal,I,VVS2,62.1,55.0,459,4.17,4.2,2.6
804,0.36,Ideal,J,VS2,61.5,55.0,459,4.6,4.63,2.84
805,0.27,Ideal,G,VS2,61.4,55.0,459,4.19,4.21,2.58
806,0.25,Ideal,G,VS2,61.4,57.0,459,4.08,4.1,2.51
807,0.25,Ideal,G,VS2,61.8,58.0,459,4.04,4.08,2.51
808,0.32,Ideal,G,SI2,61.6,56.0,459,4.4,4.43,2.72
809,0.34,Very Good,I,SI1,60.4,56.0,459,4.54,4.56,2.75
810,0.34,Ideal,I,SI1,61.9,57.0,459,4.49,4.52,2.79
811,0.34,Ideal,I,SI1,60.2,57.0,459,4.5,4.54,2.72
812,0.34,Very Good,I,SI1,62.8,57.0,459,4.43,4.45,2.79
813,0.34,Premium,I,SI1,60.0,58.0,459,4.51,4.55,2.72
814,0.34,Ideal,I,SI1,62.3,55.0,459,4.42,4.47,2.77
815,0.34,Ideal,I,SI1,62.4,56.0,459,4.45,4.49,2.79
816,0.34,Very Good,I,SI1,61.7,56.0,459,4.51,4.54,2.79
817,0.34,Ideal,I,SI1,61.9,57.0,459,4.44,4.48,2.76
818,0.35,Very Good,F,SI2,62.8,55.0,460,4.48,4.53,2.83
819,0.35,Premium,J,VS1,62.2,58.0,460,4.49,4.54,2.81
820,0.23,Very Good,F,VS1,62.1,58.0,373,3.91,3.95,2.44
821,0.23,Very Good,D,VS1,59.0,61.0,373,4.04,4.06,2.39
822,0.3,Ideal,J,VS1,62.6,53.0,373,4.28,4.32,2.69
823,0.24,Good,F,VS1,60.8,64.0,373,3.96,4.0,2.42
824,0.26,Good,F,VS1,62.5,56.0,373,4.06,4.1,2.55
825,0.24,Good,F,VS1,58.3,61.0,373,4.09,4.14,2.4
826,0.23,Good,E,VS1,64.3,59.0,373,3.84,3.87,2.48
827,0.28,Good,E,SI1,62.6,60.0,373,4.12,4.15,2.59
828,0.32,Good,J,SI1,63.2,56.0,374,4.31,4.36,2.74
829,0.32,Good,I,SI2,63.4,56.0,374,4.34,4.37,2.76
830,0.32,Very Good,J,SI1,61.6,58.0,374,4.36,4.4,2.7
831,0.32,Very Good,J,SI1,63.0,58.0,374,4.32,4.35,2.73
832,0.32,Good,I,SI2,63.1,58.0,374,4.34,4.41,2.76
833,0.23,Ideal,G,SI1,61.2,56.0,375,3.97,4.0,2.44
834,0.28,Good,J,VVS2,58.4,60.0,375,4.27,4.33,2.51
835,0.28,Very Good,H,VS2,61.4,57.0,376,4.21,4.23,2.59
836,0.23,Good,F,VS1,63.2,58.0,376,3.86,3.89,2.45
837,0.26,Ideal,G,SI1,61.8,55.0,377,4.08,4.11,2.53
838,0.27,Good,E,VS1,57.5,63.0,377,4.24,4.28,2.45
839,0.31,Good,I,SI1,64.3,55.0,377,4.27,4.29,2.75
840,0.23,Very Good,H,VVS2,62.0,55.0,378,3.93,3.95,2.44
841,0.24,Very Good,E,VS1,60.1,57.0,378,4.08,4.1,2.46
842,0.23,Very Good,E,VS1,59.6,65.0,378,3.95,3.97,2.36
843,0.23,Very Good,E,VS1,60.4,62.0,378,3.93,3.99,2.39
844,0.24,Good,E,VS2,63.0,59.0,378,3.96,4.01,2.51
845,0.3,Good,H,SI2,63.9,57.0,378,4.24,4.27,2.72
846,0.3,Good,H,SI2,63.2,55.0,378,4.26,4.29,2.7
847,0.3,Premium,H,SI2,61.9,60.0,378,4.27,4.29,2.65
848,0.28,Very Good,I,VS2,61.9,57.0,379,4.16,4.19,2.58
849,0.31,Ideal,I,SI2,61.0,56.0,379,4.39,4.43,2.69
850,0.31,Ideal,J,SI1,62.4,53.0,379,4.38,4.4,2.74
851,0.31,Very Good,J,VS2,62.3,60.0,380,4.29,4.34,2.69
852,0.31,Premium,J,VS2,62.5,60.0,380,4.31,4.36,2.71
853,0.31,Very Good,J,VS2,62.7,58.0,380,4.3,4.34,2.71
854,0.31,Premium,J,VS2,62.4,60.0,380,4.29,4.33,2.69
855,0.26,Very Good,F,VS2,62.5,55.0,381,4.05,4.08,2.54
856,0.28,Very Good,G,SI1,62.0,55.0,382,4.2,4.25,2.62
857,0.3,Very Good,I,SI1,62.5,57.0,382,4.27,4.3,2.68
858,0.3,Ideal,G,SI2,61.7,57.0,382,4.26,4.3,2.64
859,0.3,Ideal,G,SI2,62.5,56.0,382,4.28,4.3,2.68
860,0.3,Ideal,I,SI1,61.8,57.0,382,4.3,4.34,2.67
861,0.26,Premium,H,VS1,62.3,59.0,382,4.06,4.1,2.54
862,0.26,Premium,G,VS1,61.3,60.0,382,4.07,4.12,2.51
863,0.31,Very Good,I,SI2,60.6,61.0,383,4.4,4.45,2.68
864,0.27,Ideal,H,SI1,61.3,55.0,383,4.17,4.21,2.57
865,0.24,Good,F,VS1,60.2,65.0,383,3.97,4.0,2.4
866,0.29,Very Good,I,VS2,62.4,55.0,384,4.25,4.27,2.66
867,0.26,Very Good,E,SI1,62.0,54.0,384,4.08,4.11,2.54
868,0.3,Ideal,J,VS2,62.1,56.0,384,4.29,4.34,2.68
869,0.3,Ideal,J,VS2,61.6,56.0,384,4.31,4.33,2.66
870,0.23,Ideal,G,VS1,61.6,55.0,384,3.96,3.99,2.45
871,0.32,Ideal,J,SI1,61.8,54.9,384,4.39,4.42,2.72
872,0.26,Ideal,I,VS2,62.0,56.0,385,4.13,4.09,2.55
873,0.21,Very Good,E,VS2,63.2,54.0,386,3.82,3.78,2.4
874,0.21,Premium,E,VS2,60.5,59.0,386,3.87,3.83,2.33
875,0.21,Premium,E,VS2,59.6,56.0,386,3.93,3.89,2.33
876,0.21,Premium,D,VS2,61.6,59.0,386,3.82,3.78,2.34
877,0.21,Premium,D,VS2,60.6,60.0,386,3.85,3.81,2.32
878,0.21,Premium,D,VS2,59.1,62.0,386,3.89,3.86,2.29
879,0.21,Premium,D,VS2,58.3,59.0,386,3.96,3.93,2.3
880,0.25,Very Good,D,VS1,62.6,58.0,388,4.05,4.07,2.54
881,0.25,Very Good,D,VS1,60.8,60.0,388,4.07,4.09,2.48
882,0.25,Very Good,D,VS1,60.0,63.0,388,4.05,4.08,2.44
883,0.32,Very Good,G,SI2,60.7,61.0,388,4.42,4.47,2.7
884,0.32,Very Good,I,SI1,62.4,58.0,388,4.42,4.46,2.77
885,0.3,Very Good,H,SI1,62.4,58.0,389,4.23,4.29,2.66
886,0.3,Ideal,I,VS2,62.1,58.0,389,4.27,4.29,2.66
887,0.3,Ideal,H,SI1,61.9,54.0,389,4.33,4.36,2.69
888,0.23,Very Good,H,VVS2,59.2,61.0,389,4.0,4.04,2.38
889,0.32,Very Good,J,SI1,62.3,57.0,389,4.33,4.44,2.73
890,0.31,Premium,H,SI2,59.5,59.0,390,4.39,4.45,2.63
891,0.23,Very Good,G,VS1,62.2,55.0,391,3.93,3.95,2.45
892,0.24,Very Good,G,VS1,61.2,56.0,391,4.0,4.03,2.46
893,0.24,Very Good,G,VS1,62.4,56.0,391,3.99,4.03,2.5
894,0.23,Very Good,E,VS1,62.8,55.0,391,3.88,3.9,2.44
895,0.24,Ideal,H,VS2,61.1,56.0,391,3.99,4.03,2.45
896,0.32,Ideal,I,SI2,61.9,56.0,391,4.38,4.41,2.72
897,0.32,Ideal,I,SI2,61.0,56.0,391,4.43,4.45,2.71
898,0.31,Ideal,G,SI2,62.0,55.0,391,4.34,4.37,2.7
899,0.3,Good,I,SI1,64.1,57.0,391,4.25,4.3,2.74
900,0.24,Very Good,F,VS1,62.9,59.0,393,3.95,3.97,2.49
901,0.24,Very Good,F,VS1,59.3,57.0,393,4.07,4.12,2.43
902,0.27,Ideal,H,SI1,61.6,57.0,393,4.13,4.15,2.55
903,0.3,Very Good,H,SI1,58.7,63.0,393,4.32,4.37,2.55
904,0.32,Ideal,J,VS2,62.2,57.0,393,4.36,4.38,2.72
905,0.32,Very Good,J,VS2,60.0,61.0,393,4.45,4.49,2.68
906,0.3,Very Good,E,SI2,58.8,60.0,393,4.39,4.42,2.59
907,0.32,Premium,J,VS2,61.9,58.0,393,4.35,4.38,2.7
908,0.32,Premium,J,VS2,61.9,59.0,393,4.35,4.38,2.7
909,0.32,Good,H,SI2,63.2,55.0,393,4.34,4.36,2.75
910,0.32,Very Good,H,SI2,60.4,59.0,393,4.39,4.42,2.66
911,0.32,Ideal,J,VS2,62.1,54.0,393,4.38,4.44,2.74
912,0.32,Very Good,J,VS2,62.9,56.0,393,4.37,4.4,2.76
913,0.28,Very Good,H,VS2,59.7,60.0,394,4.25,4.29,2.55
914,0.26,Ideal,G,SI1,62.2,54.0,394,4.11,4.12,2.56
915,0.26,Ideal,G,SI1,62.0,55.0,394,4.08,4.11,2.54
916,0.26,Ideal,G,SI1,62.0,54.0,394,4.08,4.11,2.54
917,0.28,Good,G,VS2,61.8,61.0,394,4.2,4.21,2.6
918,0.31,Premium,F,I1,62.9,59.0,394,4.33,4.29,2.71
919,0.21,Premium,E,SI2,61.9,56.0,394,3.84,3.82,2.37
920,0.3,Very Good,J,VS1,62.7,59.0,394,4.24,4.28,2.67
921,0.3,Premium,J,VS1,62.6,58.0,394,4.28,4.31,2.69
922,0.3,Very Good,F,SI2,62.3,58.0,394,4.28,4.32,2.68
923,0.3,Very Good,F,SI2,62.2,58.0,394,4.22,4.33,2.66
924,0.3,Ideal,I,SI1,61.3,56.0,394,4.32,4.33,2.65
925,0.3,Good,J,VS1,63.4,57.0,394,4.23,4.26,2.69
926,0.3,Ideal,I,SI1,62.3,56.0,394,4.32,4.35,2.7
927,0.3,Good,F,SI2,63.3,55.0,394,4.29,4.33,2.73
928,0.3,Premium,I,SI1,60.9,59.0,394,4.34,4.36,2.65
929,0.3,Ideal,J,VS1,59.7,57.0,394,4.37,4.4,2.62
930,0.3,Good,G,SI2,63.7,54.0,394,4.23,4.25,2.7
931,0.3,Good,G,SI2,63.3,57.0,394,4.25,4.28,2.7
932,0.3,Good,I,SI1,63.5,57.0,394,4.24,4.26,2.7
933,0.3,Good,I,SI1,63.8,57.0,394,4.19,4.27,2.7
934,0.3,Premium,J,VS1,62.6,60.0,394,4.22,4.28,2.66
935,0.3,Good,J,VS1,63.4,55.0,394,4.25,4.3,2.71
936,0.3,Very Good,I,SI1,61.6,62.0,394,4.27,4.3,2.64
937,0.3,Very Good,G,SI2,58.1,61.0,394,4.41,4.47,2.58
938,0.3,Very Good,F,SI2,61.7,62.0,394,4.25,4.27,2.63
939,0.3,Premium,F,SI2,61.3,58.0,394,4.28,4.33,2.64
940,0.3,Very Good,I,SI1,61.9,61.0,394,4.27,4.29,2.65
941,0.3,Very Good,J,VS1,61.9,56.0,394,4.28,4.32,2.66
942,0.3,Good,I,SI1,63.3,59.0,394,4.22,4.25,2.68
943,0.3,Very Good,I,SI1,61.6,59.0,394,4.29,4.34,2.66
944,0.3,Premium,G,SI2,62.5,59.0,394,4.27,4.31,2.68
945,0.3,Good,I,SI1,63.4,57.0,394,4.23,4.25,2.69
946,0.3,Very Good,J,VS1,62.4,58.0,394,4.26,4.3,2.67
947,0.3,Very Good,F,SI2,62.6,61.0,394,4.2,4.24,2.64
948,0.3,Very Good,J,VS1,63.0,59.0,394,4.24,4.27,2.68
949,0.3,Good,J,VS1,63.5,58.0,394,4.24,4.27,2.7
950,0.3,Good,F,SI2,63.5,57.0,394,4.22,4.25,2.69
951,0.3,Good,J,VS1,63.3,60.0,394,4.22,4.25,2.68
952,0.3,Premium,G,SI2,62.3,59.0,394,4.25,4.29,2.66
953,0.3,Premium,J,VS1,62.6,58.0,394,4.27,4.32,2.69
954,0.3,Good,I,SI1,63.3,59.0,394,4.23,4.3,2.7
955,0.3,Good,F,SI2,63.4,56.0,394,4.26,4.29,2.71
956,0.3,Good,J,VS1,63.4,57.0,394,4.23,4.26,2.69
957,0.3,Very Good,I,SI1,62.2,57.0,394,4.25,4.27,2.65
958,0.3,Very Good,I,SI1,61.4,58.0,394,4.3,4.33,2.65
959,0.3,Very Good,I,SI1,60.5,62.0,394,4.33,4.37,2.63
960,0.3,Very Good,J,VS1,61.2,61.0,394,4.3,4.33,2.64
961,0.31,Ideal,I,SI1,61.3,55.0,395,4.39,4.42,2.7
962,0.25,Ideal,G,SI1,62.6,53.0,395,4.04,4.07,2.54
963,0.23,Good,G,VVS1,56.2,60.0,395,4.14,4.19,2.34
964,0.31,Ideal,J,VS2,62.2,55.0,396,4.32,4.36,2.7
965,0.31,Ideal,J,VS2,62.3,54.0,396,4.35,4.38,2.72
966,0.26,Very Good,G,VS2,62.4,57.0,397,4.09,4.12,2.56
967,0.24,Very Good,I,VS1,61.8,56.0,397,3.98,4.01,2.46
968,0.26,Ideal,G,VS2,62.3,54.0,397,4.09,4.1,2.55
969,0.26,Ideal,H,SI1,62.2,54.0,397,4.1,4.13,2.56
970,0.27,Ideal,H,VS2,60.5,57.0,397,4.17,4.19,2.53
971,0.27,Premium,G,VS2,62.4,59.0,397,4.11,4.13,2.57
972,0.26,Very Good,H,VS1,62.0,56.0,399,4.08,4.11,2.54
973,0.25,Very Good,D,VS2,61.1,60.0,399,4.07,4.11,2.5
974,0.27,Very Good,G,VS1,58.8,57.0,399,4.25,4.36,2.53
975,0.24,Good,F,VS1,62.5,60.0,399,3.96,3.98,2.48
976,0.25,Good,D,VS1,57.6,60.0,399,4.15,4.18,2.4
977,0.31,Ideal,J,VS2,61.8,54.1,400,4.35,4.38,2.7
978,0.31,Ideal,J,VS2,62.1,53.6,400,4.36,4.39,2.72
979,0.23,Very Good,E,VS2,62.4,60.0,400,3.9,3.92,2.44
980,0.23,Premium,E,VS1,61.8,60.0,400,3.91,3.95,2.43
981,0.26,Very Good,F,SI1,61.3,55.0,401,4.15,4.21,2.56
982,0.26,Very Good,F,SI1,61.4,56.0,401,4.13,4.16,2.54
983,0.3,Ideal,E,SI2,62.1,54.0,401,4.32,4.35,2.69
984,0.3,Ideal,E,SI2,62.1,55.0,401,4.3,4.33,2.68
985,0.3,Ideal,E,SI2,62.0,54.0,401,4.33,4.35,2.69
986,0.3,Ideal,E,SI2,60.9,59.0,401,4.29,4.32,2.62
987,0.25,Good,H,VVS1,60.6,64.0,401,4.05,4.07,2.46
988,0.23,Very Good,D,VS2,61.6,58.0,402,3.96,3.99,2.45
989,0.23,Very Good,D,VS2,63.1,58.0,402,3.91,3.95,2.48
990,0.23,Very Good,D,VS2,62.9,57.0,402,3.92,3.97,2.48
991,0.23,Very Good,E,VS2,60.8,58.0,402,3.98,4.02,2.43
992,0.23,Very Good,E,VS2,60.5,58.0,402,3.92,3.95,2.38
993,0.23,Very Good,E,VS2,60.8,58.0,402,3.97,4.05,2.44
994,0.23,Very Good,F,VS2,63.4,56.0,402,3.84,3.89,2.45
995,0.23,Very Good,F,VS2,61.0,59.0,402,3.95,3.99,2.42
996,0.23,Very Good,F,VS2,59.1,59.0,402,4.02,4.07,2.39
997,0.23,Very Good,F,VS2,61.6,59.0,402,3.96,4.0,2.45
998,0.23,Very Good,F,VS2,59.4,57.0,402,4.06,4.09,2.42
999,0.23,Very Good,F,VS1,61.9,58.0,402,3.9,4.02,2.45
